0,what is my bankofamerica balance
0,what is my boa balance
0,what is my bankofamerica balance
0,what is my bankofamerica balance
0,check my balance in bankofamerica
0,what is my bankofamerica balance
0,what is my bankofamerica balance
0,what is my bankofamerica balance
2,can i buy a $2.3m house?
4,i need a loan
1,can i borrow $2.3m
1,can you help me pay for a $2.3m crib?
1,i need a $2.3m mortgage
1,can i borrow $2.3m
4,i need a loan
4,can i get a 2.3m mortgage
4,i need a loan
4,i need a $1.5m loan from bank.
3,i need a $2.3m mortgage
0,check balance
3,can i borrow $2.3m
4,an you please explain what an apr is
4,can you please explain what an apr is
5,what are my total expenses this month
1,check my spending for this month?
3,i need a loan
3,can i get a 2.3m mortgage?
4,can you tell me what is apr?
5,what are my total expenses this month?
5,what was my discretionary budget in january?
5,what was my discretionary budget?
